{
  "X_mean": {
    "x": 0.5072222222222216,
    "y": 0.49738095238095226,
    "t": 0.954773869346736
  },
  "X_std": {
    "x": 0.2950822974789138,
    "y": 0.2956480456374803,
    "t": 0.5798883020452261
  },
  "y_mean": {
    "h": NaN,
    "hu": NaN,
    "hv": NaN
  },
  "y_std": {
    "h": NaN,
    "hu": NaN,
    "hv": NaN
  },
  "n_samples": 800
}