{
  "X_mean": {
    "x": 0.4979279168712158,
    "y": 0.5041666666666667,
    "t": 0.9984480082772891
  },
  "X_std": {
    "x": 0.2921267880873753,
    "y": 0.292817904414669,
    "t": 0.5794706760310678
  },
  "y_mean": {
    "h": 1.0322166318689636,
    "hu": -0.00028455386735929994,
    "hv": 4.9566019498975e-05
  },
  "y_std": {
    "h": 0.0327578593808167,
    "hu": 0.02350987458602307,
    "hv": 0.023172511138829066
  },
  "n_samples": 7760
}