{
  "X_mean": {
    "x": 0.5008333333333337,
    "y": 0.5043253968253972,
    "t": 0.954773869346736
  },
  "X_std": {
    "x": 0.2906306734785567,
    "y": 0.29205439832148244,
    "t": 0.5798883020452261
  },
  "y_mean": {
    "h": NaN,
    "hu": NaN,
    "hv": NaN
  },
  "y_std": {
    "h": NaN,
    "hu": NaN,
    "hv": NaN
  },
  "n_samples": 800
}