{
  "X_mean": {
    "x": 0.4959376534118801,
    "y": 0.49786450662739323,
    "t": 0.9984480082772891
  },
  "X_std": {
    "x": 0.29331930350639773,
    "y": 0.29195887876651644,
    "t": 0.5794706760310678
  },
  "y_mean": {
    "h": 1.0325164841454904,
    "hu": -0.0008121105999985684,
    "hv": 0.000875079928226913
  },
  "y_std": {
    "h": 0.024150426573420185,
    "hu": 0.03725018924657057,
    "hv": 0.03791150440224268
  },
  "n_samples": 7760
}