{
  "X_mean": {
    "x": 0.5048412698412695,
    "y": 0.4957341269841269,
    "t": 0.954773869346736
  },
  "X_std": {
    "x": 0.29080518982069203,
    "y": 0.28885584527722485,
    "t": 0.5798883020452261
  },
  "y_mean": {
    "h": NaN,
    "hu": NaN,
    "hv": NaN
  },
  "y_std": {
    "h": NaN,
    "hu": NaN,
    "hv": NaN
  },
  "n_samples": 800
}