{
  "X_mean": {
    "x": 0.4982101947308133,
    "y": 0.5002761413843888,
    "t": 0.9984480082772891
  },
  "X_std": {
    "x": 0.2900074028013169,
    "y": 0.2953470727191735,
    "t": 0.5794706760310678
  },
  "y_mean": {
    "h": 1.0324840575810939,
    "hu": 0.00016743018045094177,
    "hv": 0.0004463184238247693
  },
  "y_std": {
    "h": 0.02030383715716774,
    "hu": 0.0448304574452982,
    "hv": 0.044450156670135334
  },
  "n_samples": 7760
}