{
  "X_mean": {
    "x": 0.47399470899470836,
    "y": 0.5066402116402122,
    "t": 0.46979865771811724
  },
  "X_std": {
    "x": 0.2998336176870013,
    "y": 0.28990211721803205,
    "t": 0.29020796759811374
  },
  "y_mean": {
    "u": 0.025080432577474974,
    "v": -0.000468141773875465,
    "p": 0.0007685526190629746
  },
  "y_std": {
    "u": 0.14430985692791654,
    "v": 0.012770631538721587,
    "p": 0.05429401314256367
  },
  "n_samples": 600
}