{
  "X_mean": {
    "x": 0.5175132275132281,
    "y": 0.5121164021164025,
    "t": 0.46979865771811724
  },
  "X_std": {
    "x": 0.29466164044864873,
    "y": 0.285008530647948,
    "t": 0.29020796759811374
  },
  "y_mean": {
    "u": 0.02132377588158035,
    "v": 6.574678252244908e-05,
    "p": 0.0001276926701338075
  },
  "y_std": {
    "u": 0.13889255999116756,
    "v": 0.003611462255235253,
    "p": 0.022037051612224547
  },
  "n_samples": 600
}