{
  "X_mean": {
    "x": 0.47666666666666657,
    "y": 0.5097619047619046,
    "t": 0.46979865771811724
  },
  "X_std": {
    "x": 0.29244777996372323,
    "y": 0.2869035858403654,
    "t": 0.29020796759811374
  },
  "y_mean": {
    "u": 0.014770463392559918,
    "v": -0.000218555621548907,
    "p": 0.0005369099270337269
  },
  "y_std": {
    "u": 0.11702041191159247,
    "v": 0.004358143940245487,
    "p": 0.007971004578103834
  },
  "n_samples": 600
}