,RMSE,MAE,Relative_L2_Error,Residual_L2_Norm,Max_Residual,Mean_Residual
PINN-KAN,2.9532058238983154,2.730140447616577,4.18464469909668,3.776228904724121,8.208284378051758,3.331435203552246
Vanilla-MLP,0.0015874130185693502,0.0012616186868399382,0.0022493386641144753,14.080228805541992,19.471712112426758,12.590617179870605
Vanilla-PINN,2.9563448429107666,2.7329938411712646,4.189092636108398,3.77225923538208,8.223408699035645,3.324451208114624
